--
-- PostgreSQL database dump
--

\restrict Lzs0i42V92kuF1qzt8yhaieV3Z0O6XzSEE5iOYj7I047POqvFJvgjJmAcafITjY

-- Dumped from database version 18.3
-- Dumped by pg_dump version 18.3

SET statement_timeout = 0;
SET lock_timeout = 0;
SET idle_in_transaction_session_timeout = 0;
SET transaction_timeout = 0;
SET client_encoding = 'UTF8';
SET standard_conforming_strings = on;
SELECT pg_catalog.set_config('search_path', '', false);
SET check_function_bodies = false;
SET xmloption = content;
SET client_min_messages = warning;
SET row_security = off;

SET default_tablespace = '';

SET default_table_access_method = heap;

--
-- Name: appointments_appointment; Type: TABLE; Schema: public; Owner: postgres
--

CREATE TABLE public.appointments_appointment (
    id bigint NOT NULL,
    department character varying(100) NOT NULL,
    scheduled_at timestamp with time zone NOT NULL,
    duration_min integer NOT NULL,
    type character varying(20) NOT NULL,
    status character varying(20) NOT NULL,
    notes text,
    created_at timestamp with time zone NOT NULL,
    updated_at timestamp with time zone NOT NULL,
    doctor_id bigint NOT NULL,
    patient_id bigint NOT NULL
);


ALTER TABLE public.appointments_appointment OWNER TO postgres;

--
-- Name: appointments_appointment_id_seq; Type: SEQUENCE; Schema: public; Owner: postgres
--

ALTER TABLE public.appointments_appointment ALTER COLUMN id ADD GENERATED BY DEFAULT AS IDENTITY (
    SEQUENCE NAME public.appointments_appointment_id_seq
    START WITH 1
    INCREMENT BY 1
    NO MINVALUE
    NO MAXVALUE
    CACHE 1
);


--
-- Name: auth_group; Type: TABLE; Schema: public; Owner: postgres
--

CREATE TABLE public.auth_group (
    id integer NOT NULL,
    name character varying(150) NOT NULL
);


ALTER TABLE public.auth_group OWNER TO postgres;

--
-- Name: auth_group_id_seq; Type: SEQUENCE; Schema: public; Owner: postgres
--

ALTER TABLE public.auth_group ALTER COLUMN id ADD GENERATED BY DEFAULT AS IDENTITY (
    SEQUENCE NAME public.auth_group_id_seq
    START WITH 1
    INCREMENT BY 1
    NO MINVALUE
    NO MAXVALUE
    CACHE 1
);


--
-- Name: auth_group_permissions; Type: TABLE; Schema: public; Owner: postgres
--

CREATE TABLE public.auth_group_permissions (
    id bigint NOT NULL,
    group_id integer NOT NULL,
    permission_id integer NOT NULL
);


ALTER TABLE public.auth_group_permissions OWNER TO postgres;

--
-- Name: auth_group_permissions_id_seq; Type: SEQUENCE; Schema: public; Owner: postgres
--

ALTER TABLE public.auth_group_permissions ALTER COLUMN id ADD GENERATED BY DEFAULT AS IDENTITY (
    SEQUENCE NAME public.auth_group_permissions_id_seq
    START WITH 1
    INCREMENT BY 1
    NO MINVALUE
    NO MAXVALUE
    CACHE 1
);


--
-- Name: auth_permission; Type: TABLE; Schema: public; Owner: postgres
--

CREATE TABLE public.auth_permission (
    id integer NOT NULL,
    name character varying(255) NOT NULL,
    content_type_id integer NOT NULL,
    codename character varying(100) NOT NULL
);


ALTER TABLE public.auth_permission OWNER TO postgres;

--
-- Name: auth_permission_id_seq; Type: SEQUENCE; Schema: public; Owner: postgres
--

ALTER TABLE public.auth_permission ALTER COLUMN id ADD GENERATED BY DEFAULT AS IDENTITY (
    SEQUENCE NAME public.auth_permission_id_seq
    START WITH 1
    INCREMENT BY 1
    NO MINVALUE
    NO MAXVALUE
    CACHE 1
);


--
-- Name: chatbot_chatmessage; Type: TABLE; Schema: public; Owner: postgres
--

CREATE TABLE public.chatbot_chatmessage (
    id bigint NOT NULL,
    sender character varying(10) NOT NULL,
    message text NOT NULL,
    created_at timestamp with time zone NOT NULL,
    user_id bigint NOT NULL
);


ALTER TABLE public.chatbot_chatmessage OWNER TO postgres;

--
-- Name: chatbot_chatmessage_id_seq; Type: SEQUENCE; Schema: public; Owner: postgres
--

ALTER TABLE public.chatbot_chatmessage ALTER COLUMN id ADD GENERATED BY DEFAULT AS IDENTITY (
    SEQUENCE NAME public.chatbot_chatmessage_id_seq
    START WITH 1
    INCREMENT BY 1
    NO MINVALUE
    NO MAXVALUE
    CACHE 1
);


--
-- Name: django_admin_log; Type: TABLE; Schema: public; Owner: postgres
--

CREATE TABLE public.django_admin_log (
    id integer NOT NULL,
    action_time timestamp with time zone NOT NULL,
    object_id text,
    object_repr character varying(200) NOT NULL,
    action_flag smallint NOT NULL,
    change_message text NOT NULL,
    content_type_id integer,
    user_id bigint NOT NULL,
    CONSTRAINT django_admin_log_action_flag_check CHECK ((action_flag >= 0))
);


ALTER TABLE public.django_admin_log OWNER TO postgres;

--
-- Name: django_admin_log_id_seq; Type: SEQUENCE; Schema: public; Owner: postgres
--

ALTER TABLE public.django_admin_log ALTER COLUMN id ADD GENERATED BY DEFAULT AS IDENTITY (
    SEQUENCE NAME public.django_admin_log_id_seq
    START WITH 1
    INCREMENT BY 1
    NO MINVALUE
    NO MAXVALUE
    CACHE 1
);


--
-- Name: django_content_type; Type: TABLE; Schema: public; Owner: postgres
--

CREATE TABLE public.django_content_type (
    id integer NOT NULL,
    app_label character varying(100) NOT NULL,
    model character varying(100) NOT NULL
);


ALTER TABLE public.django_content_type OWNER TO postgres;

--
-- Name: django_content_type_id_seq; Type: SEQUENCE; Schema: public; Owner: postgres
--

ALTER TABLE public.django_content_type ALTER COLUMN id ADD GENERATED BY DEFAULT AS IDENTITY (
    SEQUENCE NAME public.django_content_type_id_seq
    START WITH 1
    INCREMENT BY 1
    NO MINVALUE
    NO MAXVALUE
    CACHE 1
);


--
-- Name: django_migrations; Type: TABLE; Schema: public; Owner: postgres
--

CREATE TABLE public.django_migrations (
    id bigint NOT NULL,
    app character varying(255) NOT NULL,
    name character varying(255) NOT NULL,
    applied timestamp with time zone NOT NULL
);


ALTER TABLE public.django_migrations OWNER TO postgres;

--
-- Name: django_migrations_id_seq; Type: SEQUENCE; Schema: public; Owner: postgres
--

ALTER TABLE public.django_migrations ALTER COLUMN id ADD GENERATED BY DEFAULT AS IDENTITY (
    SEQUENCE NAME public.django_migrations_id_seq
    START WITH 1
    INCREMENT BY 1
    NO MINVALUE
    NO MAXVALUE
    CACHE 1
);


--
-- Name: django_session; Type: TABLE; Schema: public; Owner: postgres
--

CREATE TABLE public.django_session (
    session_key character varying(40) NOT NULL,
    session_data text NOT NULL,
    expire_date timestamp with time zone NOT NULL
);


ALTER TABLE public.django_session OWNER TO postgres;

--
-- Name: doctors_doctor; Type: TABLE; Schema: public; Owner: postgres
--

CREATE TABLE public.doctors_doctor (
    id bigint NOT NULL,
    full_name character varying(200) NOT NULL,
    specialty character varying(100) NOT NULL,
    phone character varying(20) NOT NULL,
    departments jsonb NOT NULL,
    created_at timestamp with time zone NOT NULL,
    user_id bigint NOT NULL
);


ALTER TABLE public.doctors_doctor OWNER TO postgres;

--
-- Name: doctors_doctor_id_seq; Type: SEQUENCE; Schema: public; Owner: postgres
--

ALTER TABLE public.doctors_doctor ALTER COLUMN id ADD GENERATED BY DEFAULT AS IDENTITY (
    SEQUENCE NAME public.doctors_doctor_id_seq
    START WITH 1
    INCREMENT BY 1
    NO MINVALUE
    NO MAXVALUE
    CACHE 1
);


--
-- Name: notifications_notification; Type: TABLE; Schema: public; Owner: postgres
--

CREATE TABLE public.notifications_notification (
    id bigint NOT NULL,
    type character varying(30) NOT NULL,
    message text NOT NULL,
    priority character varying(10) NOT NULL,
    is_read boolean NOT NULL,
    created_at timestamp with time zone NOT NULL,
    recipient_id bigint NOT NULL,
    sender_id bigint
);


ALTER TABLE public.notifications_notification OWNER TO postgres;

--
-- Name: notifications_notification_id_seq; Type: SEQUENCE; Schema: public; Owner: postgres
--

ALTER TABLE public.notifications_notification ALTER COLUMN id ADD GENERATED BY DEFAULT AS IDENTITY (
    SEQUENCE NAME public.notifications_notification_id_seq
    START WITH 1
    INCREMENT BY 1
    NO MINVALUE
    NO MAXVALUE
    CACHE 1
);


--
-- Name: nurse_nurse; Type: TABLE; Schema: public; Owner: postgres
--

CREATE TABLE public.nurse_nurse (
    id bigint NOT NULL,
    full_name character varying(200) NOT NULL,
    phone character varying(20) NOT NULL,
    assigned_ward character varying(100) NOT NULL,
    shift character varying(20) NOT NULL,
    created_at timestamp with time zone NOT NULL,
    user_id bigint NOT NULL
);


ALTER TABLE public.nurse_nurse OWNER TO postgres;

--
-- Name: nurse_nurse_id_seq; Type: SEQUENCE; Schema: public; Owner: postgres
--

ALTER TABLE public.nurse_nurse ALTER COLUMN id ADD GENERATED BY DEFAULT AS IDENTITY (
    SEQUENCE NAME public.nurse_nurse_id_seq
    START WITH 1
    INCREMENT BY 1
    NO MINVALUE
    NO MAXVALUE
    CACHE 1
);


--
-- Name: nurse_orbed; Type: TABLE; Schema: public; Owner: postgres
--

CREATE TABLE public.nurse_orbed (
    id bigint NOT NULL,
    room_name character varying(100) NOT NULL,
    department character varying(100) NOT NULL,
    status character varying(20) NOT NULL,
    surgery_start timestamp with time zone,
    surgery_end timestamp with time zone,
    updated_at timestamp with time zone NOT NULL,
    assigned_nurse_id bigint,
    patient_id bigint
);


ALTER TABLE public.nurse_orbed OWNER TO postgres;

--
-- Name: nurse_orbed_id_seq; Type: SEQUENCE; Schema: public; Owner: postgres
--

ALTER TABLE public.nurse_orbed ALTER COLUMN id ADD GENERATED BY DEFAULT AS IDENTITY (
    SEQUENCE NAME public.nurse_orbed_id_seq
    START WITH 1
    INCREMENT BY 1
    NO MINVALUE
    NO MAXVALUE
    CACHE 1
);


--
-- Name: nurse_room; Type: TABLE; Schema: public; Owner: postgres
--

CREATE TABLE public.nurse_room (
    id bigint NOT NULL,
    room_number character varying(100) NOT NULL,
    department character varying(50) NOT NULL,
    floor integer NOT NULL,
    status character varying(20) NOT NULL,
    updated_at timestamp with time zone,
    updated_by_id bigint,
    CONSTRAINT nurse_room_floor_check CHECK ((floor >= 0))
);


ALTER TABLE public.nurse_room OWNER TO postgres;

--
-- Name: nurse_room_id_seq; Type: SEQUENCE; Schema: public; Owner: postgres
--

ALTER TABLE public.nurse_room ALTER COLUMN id ADD GENERATED BY DEFAULT AS IDENTITY (
    SEQUENCE NAME public.nurse_room_id_seq
    START WITH 1
    INCREMENT BY 1
    NO MINVALUE
    NO MAXVALUE
    CACHE 1
);


--
-- Name: patients_medicaldossier; Type: TABLE; Schema: public; Owner: postgres
--

CREATE TABLE public.patients_medicaldossier (
    id bigint NOT NULL,
    pdf_url character varying(500) NOT NULL,
    version integer NOT NULL,
    created_at timestamp with time zone NOT NULL,
    doctor_id bigint,
    patient_id bigint NOT NULL
);


ALTER TABLE public.patients_medicaldossier OWNER TO postgres;

--
-- Name: patients_medicaldossier_id_seq; Type: SEQUENCE; Schema: public; Owner: postgres
--

ALTER TABLE public.patients_medicaldossier ALTER COLUMN id ADD GENERATED BY DEFAULT AS IDENTITY (
    SEQUENCE NAME public.patients_medicaldossier_id_seq
    START WITH 1
    INCREMENT BY 1
    NO MINVALUE
    NO MAXVALUE
    CACHE 1
);


--
-- Name: patients_patient; Type: TABLE; Schema: public; Owner: postgres
--

CREATE TABLE public.patients_patient (
    id bigint NOT NULL,
    full_name character varying(200) NOT NULL,
    patient_code character varying(20) NOT NULL,
    dob date NOT NULL,
    blood_type character varying(5) NOT NULL,
    phone character varying(20) NOT NULL,
    insurance_id character varying(50) NOT NULL,
    status character varying(20) NOT NULL,
    reg_code character varying(10),
    code_expires_at timestamp with time zone,
    code_used boolean NOT NULL,
    created_at timestamp with time zone NOT NULL,
    updated_at timestamp with time zone NOT NULL,
    primary_doctor_id bigint,
    user_id bigint
);


ALTER TABLE public.patients_patient OWNER TO postgres;

--
-- Name: patients_patient_id_seq; Type: SEQUENCE; Schema: public; Owner: postgres
--

ALTER TABLE public.patients_patient ALTER COLUMN id ADD GENERATED BY DEFAULT AS IDENTITY (
    SEQUENCE NAME public.patients_patient_id_seq
    START WITH 1
    INCREMENT BY 1
    NO MINVALUE
    NO MAXVALUE
    CACHE 1
);


--
-- Name: users_user; Type: TABLE; Schema: public; Owner: postgres
--

CREATE TABLE public.users_user (
    id bigint NOT NULL,
    password character varying(128) NOT NULL,
    last_login timestamp with time zone,
    is_superuser boolean NOT NULL,
    first_name character varying(150) NOT NULL,
    last_name character varying(150) NOT NULL,
    email character varying(254) NOT NULL,
    is_staff boolean NOT NULL,
    is_active boolean NOT NULL,
    date_joined timestamp with time zone NOT NULL,
    role character varying(10) NOT NULL
);


ALTER TABLE public.users_user OWNER TO postgres;

--
-- Name: users_user_groups; Type: TABLE; Schema: public; Owner: postgres
--

CREATE TABLE public.users_user_groups (
    id bigint NOT NULL,
    user_id bigint NOT NULL,
    group_id integer NOT NULL
);


ALTER TABLE public.users_user_groups OWNER TO postgres;

--
-- Name: users_user_groups_id_seq; Type: SEQUENCE; Schema: public; Owner: postgres
--

ALTER TABLE public.users_user_groups ALTER COLUMN id ADD GENERATED BY DEFAULT AS IDENTITY (
    SEQUENCE NAME public.users_user_groups_id_seq
    START WITH 1
    INCREMENT BY 1
    NO MINVALUE
    NO MAXVALUE
    CACHE 1
);


--
-- Name: users_user_id_seq; Type: SEQUENCE; Schema: public; Owner: postgres
--

ALTER TABLE public.users_user ALTER COLUMN id ADD GENERATED BY DEFAULT AS IDENTITY (
    SEQUENCE NAME public.users_user_id_seq
    START WITH 1
    INCREMENT BY 1
    NO MINVALUE
    NO MAXVALUE
    CACHE 1
);


--
-- Name: users_user_user_permissions; Type: TABLE; Schema: public; Owner: postgres
--

CREATE TABLE public.users_user_user_permissions (
    id bigint NOT NULL,
    user_id bigint NOT NULL,
    permission_id integer NOT NULL
);


ALTER TABLE public.users_user_user_permissions OWNER TO postgres;

--
-- Name: users_user_user_permissions_id_seq; Type: SEQUENCE; Schema: public; Owner: postgres
--

ALTER TABLE public.users_user_user_permissions ALTER COLUMN id ADD GENERATED BY DEFAULT AS IDENTITY (
    SEQUENCE NAME public.users_user_user_permissions_id_seq
    START WITH 1
    INCREMENT BY 1
    NO MINVALUE
    NO MAXVALUE
    CACHE 1
);


--
-- Data for Name: appointments_appointment; Type: TABLE DATA; Schema: public; Owner: postgres
--

COPY public.appointments_appointment (id, department, scheduled_at, duration_min, type, status, notes, created_at, updated_at, doctor_id, patient_id) FROM stdin;
\.


--
-- Data for Name: auth_group; Type: TABLE DATA; Schema: public; Owner: postgres
--

COPY public.auth_group (id, name) FROM stdin;
\.


--
-- Data for Name: auth_group_permissions; Type: TABLE DATA; Schema: public; Owner: postgres
--

COPY public.auth_group_permissions (id, group_id, permission_id) FROM stdin;
\.


--
-- Data for Name: auth_permission; Type: TABLE DATA; Schema: public; Owner: postgres
--

COPY public.auth_permission (id, name, content_type_id, codename) FROM stdin;
1	Can add log entry	1	add_logentry
2	Can change log entry	1	change_logentry
3	Can delete log entry	1	delete_logentry
4	Can view log entry	1	view_logentry
5	Can add permission	3	add_permission
6	Can change permission	3	change_permission
7	Can delete permission	3	delete_permission
8	Can view permission	3	view_permission
9	Can add group	2	add_group
10	Can change group	2	change_group
11	Can delete group	2	delete_group
12	Can view group	2	view_group
13	Can add content type	4	add_contenttype
14	Can change content type	4	change_contenttype
15	Can delete content type	4	delete_contenttype
16	Can view content type	4	view_contenttype
17	Can add session	5	add_session
18	Can change session	5	change_session
19	Can delete session	5	delete_session
20	Can view session	5	view_session
21	Can add user	6	add_user
22	Can change user	6	change_user
23	Can delete user	6	delete_user
24	Can view user	6	view_user
25	Can add doctor	7	add_doctor
26	Can change doctor	7	change_doctor
27	Can delete doctor	7	delete_doctor
28	Can view doctor	7	view_doctor
29	Can add medical dossier	8	add_medicaldossier
30	Can change medical dossier	8	change_medicaldossier
31	Can delete medical dossier	8	delete_medicaldossier
32	Can view medical dossier	8	view_medicaldossier
33	Can add patient	9	add_patient
34	Can change patient	9	change_patient
35	Can delete patient	9	delete_patient
36	Can view patient	9	view_patient
37	Can add appointment	10	add_appointment
38	Can change appointment	10	change_appointment
39	Can delete appointment	10	delete_appointment
40	Can view appointment	10	view_appointment
41	Can add or bed	12	add_orbed
42	Can change or bed	12	change_orbed
43	Can delete or bed	12	delete_orbed
44	Can view or bed	12	view_orbed
45	Can add nurse	11	add_nurse
46	Can change nurse	11	change_nurse
47	Can delete nurse	11	delete_nurse
48	Can view nurse	11	view_nurse
49	Can add notification	13	add_notification
50	Can change notification	13	change_notification
51	Can delete notification	13	delete_notification
52	Can view notification	13	view_notification
53	Can add chat message	14	add_chatmessage
54	Can change chat message	14	change_chatmessage
55	Can delete chat message	14	delete_chatmessage
56	Can view chat message	14	view_chatmessage
57	Can add room	15	add_room
58	Can change room	15	change_room
59	Can delete room	15	delete_room
60	Can view room	15	view_room
\.


--
-- Data for Name: chatbot_chatmessage; Type: TABLE DATA; Schema: public; Owner: postgres
--

COPY public.chatbot_chatmessage (id, sender, message, created_at, user_id) FROM stdin;
25	user	Do I have critical patients?	2026-03-13 11:14:16.628497+01	1
26	bot	Yes, Doctor, we currently have one [CRITICAL] patient. It’s Hassan Ali, with the code PAT001 and blood type A+.  He requires immediate attention.	2026-03-13 11:14:21.177537+01	1
27	user	Show my patients	2026-03-13 11:21:07.901157+01	1
28	bot	Okay, Doctor Hassan, here’s a list of your patients currently:\n\n- Hassan Ali [CRITICAL] – Code: PAT001, Status: CRITICAL, Blood: A+\n- Sara Idrissi – Code: PAT002, Status: STABLE, Blood: O- \n\nDo you need any further information about them?	2026-03-13 11:21:16.566373+01	1
29	user	Give me a hospital overview	2026-03-13 11:44:44.794947+01	5
30	bot	Okay, here’s an overview of the hospital’s current status:\n\nWe currently have a total of 2 patients. - One patient is [CRITICAL], and the other is stable. There are currently 0 alerts and 1 nurse, 2 doctors, and 1 admin on staff.	2026-03-13 11:44:57.080342+01	5
31	user	WHAT IS APPOINTEMENT	2026-03-13 11:45:49.34366+01	1
32	bot	Good morning, Doctor. Currently, there are no appointments scheduled for today at Hôpital Intelligent.  It seems our system doesn't have a specific definition for "appointment" beyond scheduled patient visits. – We can certainly look up details about scheduled appointments if you’d like to proceed with one.	2026-03-13 11:45:54.434779+01	1
33	user	hi	2026-03-13 18:34:35.095384+01	1
34	bot	Hello there! I’m here to assist you with any questions you have about our patients, upcoming appointments, or any critical alerts we need to address. Just let me know what you need!	2026-03-13 18:34:45.102619+01	1
35	user	Do I have critical patients?	2026-03-13 18:35:11.145769+01	1
36	bot	Yes, Doctor, we currently have one [CRITICAL] patient. It’s Hassan Ali, with the code PAT001 and blood type A+.  He requires immediate attention.	2026-03-13 18:35:15.617549+01	1
37	user	gave me all my patient	2026-03-13 18:35:49.806341+01	1
38	bot	Okay, Doctor Hassan, here’s a list of your patients currently at the hospital:\n\n- Hassan Ali [CRITICAL] – Code: PAT001, Status: CRITICAL, Blood: A+\n- Sara Idrissi – Code: PAT002, Status: STABLE, Blood: O- \n\nDo you need any further information about either of these patients?	2026-03-13 18:35:55.136453+01	1
39	user	gave me information about sara	2026-03-13 18:36:17.954674+01	1
40	bot	Okay, Doctor Hassan, let me provide you with information about Sara Idrissi. \n\nPatient Code: PAT002 – Her current status is STABLE. - She has blood type O- and is currently listed as one of our patients. Would you like to know anything else about her?	2026-03-13 18:36:22.890896+01	1
41	user	do we have any stable patient	2026-03-13 18:36:42.156105+01	1
42	bot	Yes, Doctor Hassan, we do have a stable patient. Currently, Sara Idrissi [PAT002] is listed as stable with blood type O-.  We also have one [CRITICAL] patient, Hassan Ali [PAT001], who requires immediate attention.	2026-03-13 18:36:47.004615+01	1
43	user	is youssef ok?	2026-03-13 18:38:42.47622+01	1
44	bot	I’m sorry, Dr. Hassan, but I don’t have any information about a patient named Youssef in our current patient list. Currently, we have two patients: Hassan Ali who is [CRITICAL] and Sara Idrissi who is stable. Would you like me to provide you with details on either of their conditions or blood types?	2026-03-13 18:38:55.776277+01	1
45	user	How many critical patients?	2026-04-17 00:52:52.346794+02	5
46	bot	Certainly! According to our current hospital data, we have [CRITICAL] patients. There is currently one [CRITICAL] patient admitted.  We also have one stable patient and no patients currently on alert.	2026-04-17 00:53:06.105925+02	5
\.


--
-- Data for Name: django_admin_log; Type: TABLE DATA; Schema: public; Owner: postgres
--

COPY public.django_admin_log (id, action_time, object_id, object_repr, action_flag, change_message, content_type_id, user_id) FROM stdin;
\.


--
-- Data for Name: django_content_type; Type: TABLE DATA; Schema: public; Owner: postgres
--

COPY public.django_content_type (id, app_label, model) FROM stdin;
1	admin	logentry
2	auth	group
3	auth	permission
4	contenttypes	contenttype
5	sessions	session
6	users	user
7	doctors	doctor
8	patients	medicaldossier
9	patients	patient
10	appointments	appointment
11	nurse	nurse
12	nurse	orbed
13	notifications	notification
14	chatbot	chatmessage
15	nurse	room
\.


--
-- Data for Name: django_migrations; Type: TABLE DATA; Schema: public; Owner: postgres
--

COPY public.django_migrations (id, app, name, applied) FROM stdin;
1	contenttypes	0001_initial	2026-03-04 01:06:49.300083+01
2	contenttypes	0002_remove_content_type_name	2026-03-04 01:06:49.310388+01
3	auth	0001_initial	2026-03-04 01:06:49.345945+01
4	auth	0002_alter_permission_name_max_length	2026-03-04 01:06:49.351506+01
5	auth	0003_alter_user_email_max_length	2026-03-04 01:06:49.357011+01
6	auth	0004_alter_user_username_opts	2026-03-04 01:06:49.362405+01
7	auth	0005_alter_user_last_login_null	2026-03-04 01:06:49.368693+01
8	auth	0006_require_contenttypes_0002	2026-03-04 01:06:49.369885+01
9	auth	0007_alter_validators_add_error_messages	2026-03-04 01:06:49.375444+01
10	auth	0008_alter_user_username_max_length	2026-03-04 01:06:49.383739+01
11	auth	0009_alter_user_last_name_max_length	2026-03-04 01:06:49.388809+01
12	auth	0010_alter_group_name_max_length	2026-03-04 01:06:49.394666+01
13	auth	0011_update_proxy_permissions	2026-03-04 01:06:49.398761+01
14	auth	0012_alter_user_first_name_max_length	2026-03-04 01:06:49.403984+01
15	users	0001_initial	2026-03-04 01:06:49.444131+01
16	admin	0001_initial	2026-03-04 01:06:49.460939+01
17	admin	0002_logentry_remove_auto_add	2026-03-04 01:06:49.467136+01
18	admin	0003_logentry_add_action_flag_choices	2026-03-04 01:06:49.473659+01
19	sessions	0001_initial	2026-03-04 01:06:49.483236+01
20	users	0002_alter_user_email	2026-03-04 01:44:18.294087+01
21	doctors	0001_initial	2026-03-05 01:17:46.037016+01
22	patients	0001_initial	2026-03-05 01:17:46.089268+01
23	appointments	0001_initial	2026-03-05 01:17:46.11285+01
24	notifications	0001_initial	2026-03-05 01:29:34.26991+01
25	nurse	0001_initial	2026-03-05 01:29:34.314806+01
26	users	0003_remove_user_username	2026-03-05 10:52:19.523475+01
27	users	0004_alter_user_managers	2026-03-05 10:57:35.338656+01
28	chatbot	0001_initial	2026-03-06 12:53:29.326748+01
29	nurse	0002_room	2026-04-02 20:59:38.670543+02
30	nurse	0003_alter_room_updated_at	2026-04-02 21:39:35.207335+02
\.


--
-- Data for Name: django_session; Type: TABLE DATA; Schema: public; Owner: postgres
--

COPY public.django_session (session_key, session_data, expire_date) FROM stdin;
\.


--
-- Data for Name: doctors_doctor; Type: TABLE DATA; Schema: public; Owner: postgres
--

COPY public.doctors_doctor (id, full_name, specialty, phone, departments, created_at, user_id) FROM stdin;
1	Ahmed Hassan	Cardiology	0612345678	["cardiology", "urgency"]	2026-03-06 00:14:49.216017+01	1
\.


--
-- Data for Name: notifications_notification; Type: TABLE DATA; Schema: public; Owner: postgres
--

COPY public.notifications_notification (id, type, message, priority, is_read, created_at, recipient_id, sender_id) FROM stdin;
1	nurse_msg	so serieus	urgent	t	2026-03-06 11:08:13.016425+01	1	4
2	nurse_msg	nod khdam 3la rassak 	medium	t	2026-03-13 18:47:52.068761+01	1	4
\.


--
-- Data for Name: nurse_nurse; Type: TABLE DATA; Schema: public; Owner: postgres
--

COPY public.nurse_nurse (id, full_name, phone, assigned_ward, shift, created_at, user_id) FROM stdin;
1	Sara Benali	0698765432	Cardiology Ward	morning	2026-03-06 10:59:51.676016+01	4
\.


--
-- Data for Name: nurse_orbed; Type: TABLE DATA; Schema: public; Owner: postgres
--

COPY public.nurse_orbed (id, room_name, department, status, surgery_start, surgery_end, updated_at, assigned_nurse_id, patient_id) FROM stdin;
\.


--
-- Data for Name: nurse_room; Type: TABLE DATA; Schema: public; Owner: postgres
--

COPY public.nurse_room (id, room_number, department, floor, status, updated_at, updated_by_id) FROM stdin;
6	window_EMERGENCY_A_F1_06001	urgences	1	empty	\N	\N
7	window_EMERGENCY_A_F1_07001	urgences	1	empty	\N	\N
9	window_EMERGENCY_A_F1_09001	urgences	1	empty	\N	\N
10	window_EMERGENCY_A_F1_10001	urgences	1	empty	\N	\N
11	window_EMERGENCY_A_F1_11001	urgences	1	empty	\N	\N
12	window_EMERGENCY_A_F1_12001	urgences	1	empty	\N	\N
13	window_EMERGENCY_A_F1_13001	urgences	1	empty	\N	\N
14	window_EMERGENCY_A_F1_14001	urgences	1	empty	\N	\N
16	window_EMERGENCY_A_F1_16001	urgences	1	empty	\N	\N
17	window_EMERGENCY_A_F1_17001	urgences	1	empty	\N	\N
18	window_EMERGENCY_A_F1_18001	urgences	1	empty	\N	\N
19	window_EMERGENCY_A_F1_19001	urgences	1	empty	\N	\N
20	window_EMERGENCY_A_F1_20001	urgences	1	empty	\N	\N
21	window_CARDIO_A_F2_01001	cardiologie	2	empty	\N	\N
22	window_CARDIO_A_F2_02001	cardiologie	2	empty	\N	\N
23	window_CARDIO_A_F2_03001	cardiologie	2	empty	\N	\N
24	window_CARDIO_A_F2_04001	cardiologie	2	empty	\N	\N
25	window_CARDIO_A_F2_05001	cardiologie	2	empty	\N	\N
26	window_CARDIO_A_F2_06001	cardiologie	2	empty	\N	\N
27	window_CARDIO_A_F2_07001	cardiologie	2	empty	\N	\N
28	window_CARDIO_A_F2_08001	cardiologie	2	empty	\N	\N
29	window_CARDIO_A_F2_09001	cardiologie	2	empty	\N	\N
30	window_CARDIO_A_F2_10001	cardiologie	2	empty	\N	\N
31	window_CARDIO_A_F2_11001	cardiologie	2	empty	\N	\N
32	window_CARDIO_A_F2_12001	cardiologie	2	empty	\N	\N
33	window_CARDIO_A_F2_13001	cardiologie	2	empty	\N	\N
34	window_CARDIO_A_F2_14001	cardiologie	2	empty	\N	\N
35	window_CARDIO_A_F2_15001	cardiologie	2	empty	\N	\N
36	window_CARDIO_A_F2_16001	cardiologie	2	empty	\N	\N
37	window_CARDIO_A_F2_17001	cardiologie	2	empty	\N	\N
38	window_CARDIO_A_F2_18001	cardiologie	2	empty	\N	\N
39	window_CARDIO_A_F2_19001	cardiologie	2	empty	\N	\N
40	window_CARDIO_A_F2_20001	cardiologie	2	empty	\N	\N
41	window_CHIR_A_F3_01001	chirurgie	3	empty	\N	\N
42	window_CHIR_A_F3_02001	chirurgie	3	empty	\N	\N
43	window_CHIR_A_F3_03001	chirurgie	3	empty	\N	\N
44	window_CHIR_A_F3_04001	chirurgie	3	empty	\N	\N
45	window_CHIR_A_F3_05001	chirurgie	3	empty	\N	\N
46	window_CHIR_A_F3_06001	chirurgie	3	empty	\N	\N
47	window_CHIR_A_F3_07001	chirurgie	3	empty	\N	\N
48	window_CHIR_A_F3_08001	chirurgie	3	empty	\N	\N
49	window_CHIR_A_F3_09001	chirurgie	3	empty	\N	\N
50	window_CHIR_A_F3_10001	chirurgie	3	empty	\N	\N
51	window_CHIR_A_F3_11001	chirurgie	3	empty	\N	\N
52	window_CHIR_A_F3_12001	chirurgie	3	empty	\N	\N
53	window_CHIR_A_F3_13001	chirurgie	3	empty	\N	\N
54	window_CHIR_A_F3_14001	chirurgie	3	empty	\N	\N
55	window_CHIR_A_F3_15001	chirurgie	3	empty	\N	\N
56	window_CHIR_A_F3_16001	chirurgie	3	empty	\N	\N
57	window_CHIR_A_F3_17001	chirurgie	3	empty	\N	\N
58	window_CHIR_A_F3_18001	chirurgie	3	empty	\N	\N
59	window_CHIR_A_F3_19001	chirurgie	3	empty	\N	\N
60	window_CHIR_A_F3_20001	chirurgie	3	empty	\N	\N
61	window_PEDIA_A_F4_01001	pediatrie	4	empty	\N	\N
62	window_PEDIA_A_F4_02001	pediatrie	4	empty	\N	\N
63	window_PEDIA_A_F4_03001	pediatrie	4	empty	\N	\N
64	window_PEDIA_A_F4_04001	pediatrie	4	empty	\N	\N
65	window_PEDIA_A_F4_05001	pediatrie	4	empty	\N	\N
66	window_PEDIA_A_F4_06001	pediatrie	4	empty	\N	\N
67	window_PEDIA_A_F4_07001	pediatrie	4	empty	\N	\N
68	window_PEDIA_A_F4_08001	pediatrie	4	empty	\N	\N
69	window_PEDIA_A_F4_09001	pediatrie	4	empty	\N	\N
70	window_PEDIA_A_F4_10001	pediatrie	4	empty	\N	\N
71	window_PEDIA_A_F4_11001	pediatrie	4	empty	\N	\N
72	window_PEDIA_A_F4_12001	pediatrie	4	empty	\N	\N
73	window_PEDIA_A_F4_13001	pediatrie	4	empty	\N	\N
74	window_PEDIA_A_F4_14001	pediatrie	4	empty	\N	\N
75	window_PEDIA_A_F4_15001	pediatrie	4	empty	\N	\N
76	window_PEDIA_A_F4_16001	pediatrie	4	empty	\N	\N
77	window_PEDIA_A_F4_17001	pediatrie	4	empty	\N	\N
78	window_PEDIA_A_F4_18001	pediatrie	4	empty	\N	\N
79	window_PEDIA_A_F4_19001	pediatrie	4	empty	\N	\N
80	window_PEDIA_A_F4_20001	pediatrie	4	empty	\N	\N
81	window_NEURO_A_F5_01001	neurologie	5	empty	\N	\N
82	window_NEURO_A_F5_02001	neurologie	5	empty	\N	\N
83	window_NEURO_A_F5_03001	neurologie	5	empty	\N	\N
84	window_NEURO_A_F5_04001	neurologie	5	empty	\N	\N
85	window_NEURO_A_F5_05001	neurologie	5	empty	\N	\N
86	window_NEURO_A_F5_06001	neurologie	5	empty	\N	\N
87	window_NEURO_A_F5_07001	neurologie	5	empty	\N	\N
88	window_NEURO_A_F5_08001	neurologie	5	empty	\N	\N
89	window_NEURO_A_F5_09001	neurologie	5	empty	\N	\N
90	window_NEURO_A_F5_10001	neurologie	5	empty	\N	\N
91	window_NEURO_A_F5_11001	neurologie	5	empty	\N	\N
92	window_NEURO_A_F5_12001	neurologie	5	empty	\N	\N
93	window_NEURO_A_F5_13001	neurologie	5	empty	\N	\N
8	window_EMERGENCY_A_F1_08001	urgences	1	maintenance	\N	4
15	window_EMERGENCY_A_F1_15001	urgences	1	critical	\N	4
5	window_EMERGENCY_A_F1_05001	urgences	1	critical	\N	4
4	window_EMERGENCY_A_F1_04001	urgences	1	critical	\N	4
1	window_EMERGENCY_A_F1_01001	urgences	1	empty	\N	4
94	window_NEURO_A_F5_14001	neurologie	5	empty	\N	\N
95	window_NEURO_A_F5_15001	neurologie	5	empty	\N	\N
96	window_NEURO_A_F5_16001	neurologie	5	empty	\N	\N
97	window_NEURO_A_F5_17001	neurologie	5	empty	\N	\N
98	window_NEURO_A_F5_18001	neurologie	5	empty	\N	\N
99	window_NEURO_A_F5_19001	neurologie	5	empty	\N	\N
100	window_NEURO_A_F5_20001	neurologie	5	empty	\N	\N
101	window_ORTHO_A_F6_01001	orthopédie	6	empty	\N	\N
102	window_ORTHO_A_F6_02001	orthopédie	6	empty	\N	\N
103	window_ORTHO_A_F6_03001	orthopédie	6	empty	\N	\N
104	window_ORTHO_A_F6_04001	orthopédie	6	empty	\N	\N
105	window_ORTHO_A_F6_05001	orthopédie	6	empty	\N	\N
106	window_ORTHO_A_F6_06001	orthopédie	6	empty	\N	\N
107	window_ORTHO_A_F6_07001	orthopédie	6	empty	\N	\N
108	window_ORTHO_A_F6_08001	orthopédie	6	empty	\N	\N
109	window_ORTHO_A_F6_09001	orthopédie	6	empty	\N	\N
110	window_ORTHO_A_F6_10001	orthopédie	6	empty	\N	\N
111	window_ORTHO_A_F6_11001	orthopédie	6	empty	\N	\N
112	window_ORTHO_A_F6_12001	orthopédie	6	empty	\N	\N
113	window_ORTHO_A_F6_13001	orthopédie	6	empty	\N	\N
114	window_ORTHO_A_F6_14001	orthopédie	6	empty	\N	\N
115	window_ORTHO_A_F6_15001	orthopédie	6	empty	\N	\N
116	window_ORTHO_A_F6_16001	orthopédie	6	empty	\N	\N
117	window_ORTHO_A_F6_17001	orthopédie	6	empty	\N	\N
118	window_ORTHO_A_F6_18001	orthopédie	6	empty	\N	\N
119	window_ORTHO_A_F6_19001	orthopédie	6	empty	\N	\N
120	window_ORTHO_A_F6_20001	orthopédie	6	empty	\N	\N
121	window_GYNEC_A_F7_01001	gynécologie	7	empty	\N	\N
122	window_GYNEC_A_F7_02001	gynécologie	7	empty	\N	\N
123	window_GYNEC_A_F7_03001	gynécologie	7	empty	\N	\N
124	window_GYNEC_A_F7_04001	gynécologie	7	empty	\N	\N
125	window_GYNEC_A_F7_05001	gynécologie	7	empty	\N	\N
126	window_GYNEC_A_F7_06001	gynécologie	7	empty	\N	\N
127	window_GYNEC_A_F7_07001	gynécologie	7	empty	\N	\N
128	window_GYNEC_A_F7_08001	gynécologie	7	empty	\N	\N
129	window_GYNEC_A_F7_09001	gynécologie	7	empty	\N	\N
130	window_GYNEC_A_F7_10001	gynécologie	7	empty	\N	\N
131	window_GYNEC_A_F7_11001	gynécologie	7	empty	\N	\N
132	window_GYNEC_A_F7_12001	gynécologie	7	empty	\N	\N
133	window_GYNEC_A_F7_13001	gynécologie	7	empty	\N	\N
134	window_GYNEC_A_F7_14001	gynécologie	7	empty	\N	\N
135	window_GYNEC_A_F7_15001	gynécologie	7	empty	\N	\N
136	window_GYNEC_A_F7_16001	gynécologie	7	empty	\N	\N
137	window_GYNEC_A_F7_17001	gynécologie	7	empty	\N	\N
138	window_GYNEC_A_F7_18001	gynécologie	7	empty	\N	\N
139	window_GYNEC_A_F7_19001	gynécologie	7	empty	\N	\N
140	window_GYNEC_A_F7_20001	gynécologie	7	empty	\N	\N
141	window_REA_A_F8_01001	réanimation	8	empty	\N	\N
142	window_REA_A_F8_02001	réanimation	8	empty	\N	\N
143	window_REA_A_F8_03001	réanimation	8	empty	\N	\N
144	window_REA_A_F8_04001	réanimation	8	empty	\N	\N
145	window_REA_A_F8_05001	réanimation	8	empty	\N	\N
146	window_REA_A_F8_06001	réanimation	8	empty	\N	\N
147	window_REA_A_F8_07001	réanimation	8	empty	\N	\N
148	window_REA_A_F8_08001	réanimation	8	empty	\N	\N
149	window_REA_A_F8_09001	réanimation	8	empty	\N	\N
150	window_REA_A_F8_10001	réanimation	8	empty	\N	\N
151	window_REA_A_F8_11001	réanimation	8	empty	\N	\N
152	window_REA_A_F8_12001	réanimation	8	empty	\N	\N
153	window_REA_A_F8_13001	réanimation	8	empty	\N	\N
154	window_REA_A_F8_14001	réanimation	8	empty	\N	\N
155	window_REA_A_F8_15001	réanimation	8	empty	\N	\N
156	window_REA_A_F8_16001	réanimation	8	empty	\N	\N
157	window_REA_A_F8_17001	réanimation	8	empty	\N	\N
158	window_REA_A_F8_18001	réanimation	8	empty	\N	\N
159	window_REA_A_F8_19001	réanimation	8	empty	\N	\N
160	window_REA_A_F8_20001	réanimation	8	empty	\N	\N
161	window_ONCO_A_F9_01001	oncologie	9	empty	\N	\N
162	window_ONCO_A_F9_02001	oncologie	9	empty	\N	\N
163	window_ONCO_A_F9_03001	oncologie	9	empty	\N	\N
164	window_ONCO_A_F9_04001	oncologie	9	empty	\N	\N
165	window_ONCO_A_F9_05001	oncologie	9	empty	\N	\N
166	window_ONCO_A_F9_06001	oncologie	9	empty	\N	\N
167	window_ONCO_A_F9_07001	oncologie	9	empty	\N	\N
168	window_ONCO_A_F9_08001	oncologie	9	empty	\N	\N
169	window_ONCO_A_F9_09001	oncologie	9	empty	\N	\N
170	window_ONCO_A_F9_10001	oncologie	9	empty	\N	\N
171	window_ONCO_A_F9_11001	oncologie	9	empty	\N	\N
172	window_ONCO_A_F9_12001	oncologie	9	empty	\N	\N
173	window_ONCO_A_F9_13001	oncologie	9	empty	\N	\N
174	window_ONCO_A_F9_14001	oncologie	9	empty	\N	\N
175	window_ONCO_A_F9_15001	oncologie	9	empty	\N	\N
176	window_ONCO_A_F9_16001	oncologie	9	empty	\N	\N
177	window_ONCO_A_F9_17001	oncologie	9	empty	\N	\N
178	window_ONCO_A_F9_18001	oncologie	9	empty	\N	\N
179	window_ONCO_A_F9_19001	oncologie	9	empty	\N	\N
180	window_ONCO_A_F9_20001	oncologie	9	empty	\N	\N
181	window_PNEUMO_A_F10_01001	pneumologie	10	empty	\N	\N
182	window_PNEUMO_A_F10_02001	pneumologie	10	empty	\N	\N
183	window_PNEUMO_A_F10_03001	pneumologie	10	empty	\N	\N
184	window_PNEUMO_A_F10_04001	pneumologie	10	empty	\N	\N
185	window_PNEUMO_A_F10_05001	pneumologie	10	empty	\N	\N
186	window_PNEUMO_A_F10_06001	pneumologie	10	empty	\N	\N
187	window_PNEUMO_A_F10_07001	pneumologie	10	empty	\N	\N
188	window_PNEUMO_A_F10_08001	pneumologie	10	empty	\N	\N
189	window_PNEUMO_A_F10_09001	pneumologie	10	empty	\N	\N
190	window_PNEUMO_A_F10_10001	pneumologie	10	empty	\N	\N
191	window_PNEUMO_A_F10_11001	pneumologie	10	empty	\N	\N
192	window_PNEUMO_A_F10_12001	pneumologie	10	empty	\N	\N
193	window_PNEUMO_A_F10_13001	pneumologie	10	empty	\N	\N
194	window_PNEUMO_A_F10_14001	pneumologie	10	empty	\N	\N
195	window_PNEUMO_A_F10_15001	pneumologie	10	empty	\N	\N
196	window_PNEUMO_A_F10_16001	pneumologie	10	empty	\N	\N
197	window_PNEUMO_A_F10_17001	pneumologie	10	empty	\N	\N
198	window_PNEUMO_A_F10_18001	pneumologie	10	empty	\N	\N
199	window_PNEUMO_A_F10_19001	pneumologie	10	empty	\N	\N
200	window_PNEUMO_A_F10_20001	pneumologie	10	empty	\N	\N
201	window_GASTRO_A_F11_01001	gastroentérologie	11	empty	\N	\N
202	window_GASTRO_A_F11_02001	gastroentérologie	11	empty	\N	\N
203	window_GASTRO_A_F11_03001	gastroentérologie	11	empty	\N	\N
204	window_GASTRO_A_F11_04001	gastroentérologie	11	empty	\N	\N
205	window_GASTRO_A_F11_05001	gastroentérologie	11	empty	\N	\N
206	window_GASTRO_A_F11_06001	gastroentérologie	11	empty	\N	\N
207	window_GASTRO_A_F11_07001	gastroentérologie	11	empty	\N	\N
208	window_GASTRO_A_F11_08001	gastroentérologie	11	empty	\N	\N
209	window_GASTRO_A_F11_09001	gastroentérologie	11	empty	\N	\N
210	window_GASTRO_A_F11_10001	gastroentérologie	11	empty	\N	\N
211	window_GASTRO_A_F11_11001	gastroentérologie	11	empty	\N	\N
212	window_GASTRO_A_F11_12001	gastroentérologie	11	empty	\N	\N
213	window_GASTRO_A_F11_13001	gastroentérologie	11	empty	\N	\N
214	window_GASTRO_A_F11_14001	gastroentérologie	11	empty	\N	\N
215	window_GASTRO_A_F11_15001	gastroentérologie	11	empty	\N	\N
216	window_GASTRO_A_F11_16001	gastroentérologie	11	empty	\N	\N
217	window_GASTRO_A_F11_17001	gastroentérologie	11	empty	\N	\N
218	window_GASTRO_A_F11_18001	gastroentérologie	11	empty	\N	\N
219	window_GASTRO_A_F11_19001	gastroentérologie	11	empty	\N	\N
220	window_GASTRO_A_F11_20001	gastroentérologie	11	empty	\N	\N
221	window_DERMO_A_F12_01001	dermatologie	12	empty	\N	\N
222	window_DERMO_A_F12_02001	dermatologie	12	empty	\N	\N
223	window_DERMO_A_F12_03001	dermatologie	12	empty	\N	\N
224	window_DERMO_A_F12_04001	dermatologie	12	empty	\N	\N
225	window_DERMO_A_F12_05001	dermatologie	12	empty	\N	\N
226	window_DERMO_A_F12_06001	dermatologie	12	empty	\N	\N
227	window_DERMO_A_F12_07001	dermatologie	12	empty	\N	\N
228	window_DERMO_A_F12_08001	dermatologie	12	empty	\N	\N
229	window_DERMO_A_F12_09001	dermatologie	12	empty	\N	\N
230	window_DERMO_A_F12_10001	dermatologie	12	empty	\N	\N
231	window_DERMO_A_F12_11001	dermatologie	12	empty	\N	\N
232	window_DERMO_A_F12_12001	dermatologie	12	empty	\N	\N
233	window_DERMO_A_F12_13001	dermatologie	12	empty	\N	\N
234	window_DERMO_A_F12_14001	dermatologie	12	empty	\N	\N
235	window_DERMO_A_F12_15001	dermatologie	12	empty	\N	\N
236	window_DERMO_A_F12_16001	dermatologie	12	empty	\N	\N
237	window_DERMO_A_F12_17001	dermatologie	12	empty	\N	\N
238	window_DERMO_A_F12_18001	dermatologie	12	empty	\N	\N
239	window_DERMO_A_F12_19001	dermatologie	12	empty	\N	\N
240	window_DERMO_A_F12_20001	dermatologie	12	empty	\N	\N
2	window_EMERGENCY_A_F1_02001	urgences	1	stable	\N	4
3	window_EMERGENCY_A_F1_03001	urgences	1	stable	\N	4
\.


--
-- Data for Name: patients_medicaldossier; Type: TABLE DATA; Schema: public; Owner: postgres
--

COPY public.patients_medicaldossier (id, pdf_url, version, created_at, doctor_id, patient_id) FROM stdin;
\.


--
-- Data for Name: patients_patient; Type: TABLE DATA; Schema: public; Owner: postgres
--

COPY public.patients_patient (id, full_name, patient_code, dob, blood_type, phone, insurance_id, status, reg_code, code_expires_at, code_used, created_at, updated_at, primary_doctor_id, user_id) FROM stdin;
3	Hassan Ali	PAT001	1980-05-15	A+			critical	\N	\N	f	2026-03-13 01:10:06.313829+01	2026-03-13 01:10:06.313839+01	1	\N
4	Sara Idrissi	PAT002	1995-03-22	O-			stable	2CE96B	2026-03-15 11:17:26.415121+01	f	2026-03-13 01:10:06.387044+01	2026-03-13 11:17:26.415266+01	1	\N
\.


--
-- Data for Name: users_user; Type: TABLE DATA; Schema: public; Owner: postgres
--

COPY public.users_user (id, password, last_login, is_superuser, first_name, last_name, email, is_staff, is_active, date_joined, role) FROM stdin;
1	pbkdf2_sha256$1200000$qYpBY5oQafEib0LOapiKnM$rPN05CTWPh2JEaGwFpeC8K62rwSciCmRVl6KVfUCDtg=	\N	f			doctor1@medecin.hopital.ma	f	t	2026-03-04 01:47:06.140446+01	doctor
3	pbkdf2_sha256$1200000$dwBp2NeZONzO6AgHWkHTRx$K6kVJ1VT/gQV8k5BIMm/2PmnaHXytOdSEmGPya8OJiQ=	\N	f			dr.ahmed@medecin.hopital.ma	f	t	2026-03-05 10:58:19.270033+01	doctor
4	pbkdf2_sha256$1200000$L4XCPvlnA75lF056re7OyV$onauhUfj5N6dHVbfZid8ieGB3NEc+vvclbwumNoWTfA=	\N	f			inf.sara@infirmier.hopital.ma	f	t	2026-03-05 10:58:20.274221+01	nurse
5	pbkdf2_sha256$1200000$FPemD9yjgbVlqntnnmXNUv$NnAuQngCU2zpfbzuMfstuNlrhXMLBNeZ5m+01IhXeAA=	\N	f			admin@admin.hopital.ma	f	t	2026-03-05 10:58:21.181124+01	admin
\.


--
-- Data for Name: users_user_groups; Type: TABLE DATA; Schema: public; Owner: postgres
--

COPY public.users_user_groups (id, user_id, group_id) FROM stdin;
\.


--
-- Data for Name: users_user_user_permissions; Type: TABLE DATA; Schema: public; Owner: postgres
--

COPY public.users_user_user_permissions (id, user_id, permission_id) FROM stdin;
\.


--
-- Name: appointments_appointment_id_seq; Type: SEQUENCE SET; Schema: public; Owner: postgres
--

SELECT pg_catalog.setval('public.appointments_appointment_id_seq', 1, false);


--
-- Name: auth_group_id_seq; Type: SEQUENCE SET; Schema: public; Owner: postgres
--

SELECT pg_catalog.setval('public.auth_group_id_seq', 1, false);


--
-- Name: auth_group_permissions_id_seq; Type: SEQUENCE SET; Schema: public; Owner: postgres
--

SELECT pg_catalog.setval('public.auth_group_permissions_id_seq', 1, false);


--
-- Name: auth_permission_id_seq; Type: SEQUENCE SET; Schema: public; Owner: postgres
--

SELECT pg_catalog.setval('public.auth_permission_id_seq', 60, true);


--
-- Name: chatbot_chatmessage_id_seq; Type: SEQUENCE SET; Schema: public; Owner: postgres
--

SELECT pg_catalog.setval('public.chatbot_chatmessage_id_seq', 46, true);


--
-- Name: django_admin_log_id_seq; Type: SEQUENCE SET; Schema: public; Owner: postgres
--

SELECT pg_catalog.setval('public.django_admin_log_id_seq', 1, false);


--
-- Name: django_content_type_id_seq; Type: SEQUENCE SET; Schema: public; Owner: postgres
--

SELECT pg_catalog.setval('public.django_content_type_id_seq', 15, true);


--
-- Name: django_migrations_id_seq; Type: SEQUENCE SET; Schema: public; Owner: postgres
--

SELECT pg_catalog.setval('public.django_migrations_id_seq', 62, true);


--
-- Name: doctors_doctor_id_seq; Type: SEQUENCE SET; Schema: public; Owner: postgres
--

SELECT pg_catalog.setval('public.doctors_doctor_id_seq', 2, true);


--
-- Name: notifications_notification_id_seq; Type: SEQUENCE SET; Schema: public; Owner: postgres
--

SELECT pg_catalog.setval('public.notifications_notification_id_seq', 2, true);


--
-- Name: nurse_nurse_id_seq; Type: SEQUENCE SET; Schema: public; Owner: postgres
--

SELECT pg_catalog.setval('public.nurse_nurse_id_seq', 1, true);


--
-- Name: nurse_orbed_id_seq; Type: SEQUENCE SET; Schema: public; Owner: postgres
--

SELECT pg_catalog.setval('public.nurse_orbed_id_seq', 1, false);


--
-- Name: nurse_room_id_seq; Type: SEQUENCE SET; Schema: public; Owner: postgres
--

SELECT pg_catalog.setval('public.nurse_room_id_seq', 240, true);


--
-- Name: patients_medicaldossier_id_seq; Type: SEQUENCE SET; Schema: public; Owner: postgres
--

SELECT pg_catalog.setval('public.patients_medicaldossier_id_seq', 1, false);


--
-- Name: patients_patient_id_seq; Type: SEQUENCE SET; Schema: public; Owner: postgres
--

SELECT pg_catalog.setval('public.patients_patient_id_seq', 4, true);


--
-- Name: users_user_groups_id_seq; Type: SEQUENCE SET; Schema: public; Owner: postgres
--

SELECT pg_catalog.setval('public.users_user_groups_id_seq', 1, false);


--
-- Name: users_user_id_seq; Type: SEQUENCE SET; Schema: public; Owner: postgres
--

SELECT pg_catalog.setval('public.users_user_id_seq', 5, true);


--
-- Name: users_user_user_permissions_id_seq; Type: SEQUENCE SET; Schema: public; Owner: postgres
--

SELECT pg_catalog.setval('public.users_user_user_permissions_id_seq', 1, false);


--
-- Name: appointments_appointment appointments_appointment_pkey; Type: CONSTRAINT; Schema: public; Owner: postgres
--

ALTER TABLE ONLY public.appointments_appointment
    ADD CONSTRAINT appointments_appointment_pkey PRIMARY KEY (id);


--
-- Name: auth_group auth_group_name_key; Type: CONSTRAINT; Schema: public; Owner: postgres
--

ALTER TABLE ONLY public.auth_group
    ADD CONSTRAINT auth_group_name_key UNIQUE (name);


--
-- Name: auth_group_permissions auth_group_permissions_group_id_permission_id_0cd325b0_uniq; Type: CONSTRAINT; Schema: public; Owner: postgres
--

ALTER TABLE ONLY public.auth_group_permissions
    ADD CONSTRAINT auth_group_permissions_group_id_permission_id_0cd325b0_uniq UNIQUE (group_id, permission_id);


--
-- Name: auth_group_permissions auth_group_permissions_pkey; Type: CONSTRAINT; Schema: public; Owner: postgres
--

ALTER TABLE ONLY public.auth_group_permissions
    ADD CONSTRAINT auth_group_permissions_pkey PRIMARY KEY (id);


--
-- Name: auth_group auth_group_pkey; Type: CONSTRAINT; Schema: public; Owner: postgres
--

ALTER TABLE ONLY public.auth_group
    ADD CONSTRAINT auth_group_pkey PRIMARY KEY (id);


--
-- Name: auth_permission auth_permission_content_type_id_codename_01ab375a_uniq; Type: CONSTRAINT; Schema: public; Owner: postgres
--

ALTER TABLE ONLY public.auth_permission
    ADD CONSTRAINT auth_permission_content_type_id_codename_01ab375a_uniq UNIQUE (content_type_id, codename);


--
-- Name: auth_permission auth_permission_pkey; Type: CONSTRAINT; Schema: public; Owner: postgres
--

ALTER TABLE ONLY public.auth_permission
    ADD CONSTRAINT auth_permission_pkey PRIMARY KEY (id);


--
-- Name: chatbot_chatmessage chatbot_chatmessage_pkey; Type: CONSTRAINT; Schema: public; Owner: postgres
--

ALTER TABLE ONLY public.chatbot_chatmessage
    ADD CONSTRAINT chatbot_chatmessage_pkey PRIMARY KEY (id);


--
-- Name: django_admin_log django_admin_log_pkey; Type: CONSTRAINT; Schema: public; Owner: postgres
--

ALTER TABLE ONLY public.django_admin_log
    ADD CONSTRAINT django_admin_log_pkey PRIMARY KEY (id);


--
-- Name: django_content_type django_content_type_app_label_model_76bd3d3b_uniq; Type: CONSTRAINT; Schema: public; Owner: postgres
--

ALTER TABLE ONLY public.django_content_type
    ADD CONSTRAINT django_content_type_app_label_model_76bd3d3b_uniq UNIQUE (app_label, model);


--
-- Name: django_content_type django_content_type_pkey; Type: CONSTRAINT; Schema: public; Owner: postgres
--

ALTER TABLE ONLY public.django_content_type
    ADD CONSTRAINT django_content_type_pkey PRIMARY KEY (id);


--
-- Name: django_migrations django_migrations_pkey; Type: CONSTRAINT; Schema: public; Owner: postgres
--

ALTER TABLE ONLY public.django_migrations
    ADD CONSTRAINT django_migrations_pkey PRIMARY KEY (id);


--
-- Name: django_session django_session_pkey; Type: CONSTRAINT; Schema: public; Owner: postgres
--

ALTER TABLE ONLY public.django_session
    ADD CONSTRAINT django_session_pkey PRIMARY KEY (session_key);


--
-- Name: doctors_doctor doctors_doctor_pkey; Type: CONSTRAINT; Schema: public; Owner: postgres
--

ALTER TABLE ONLY public.doctors_doctor
    ADD CONSTRAINT doctors_doctor_pkey PRIMARY KEY (id);


--
-- Name: doctors_doctor doctors_doctor_user_id_key; Type: CONSTRAINT; Schema: public; Owner: postgres
--

ALTER TABLE ONLY public.doctors_doctor
    ADD CONSTRAINT doctors_doctor_user_id_key UNIQUE (user_id);


--
-- Name: notifications_notification notifications_notification_pkey; Type: CONSTRAINT; Schema: public; Owner: postgres
--

ALTER TABLE ONLY public.notifications_notification
    ADD CONSTRAINT notifications_notification_pkey PRIMARY KEY (id);


--
-- Name: nurse_nurse nurse_nurse_pkey; Type: CONSTRAINT; Schema: public; Owner: postgres
--

ALTER TABLE ONLY public.nurse_nurse
    ADD CONSTRAINT nurse_nurse_pkey PRIMARY KEY (id);


--
-- Name: nurse_nurse nurse_nurse_user_id_key; Type: CONSTRAINT; Schema: public; Owner: postgres
--

ALTER TABLE ONLY public.nurse_nurse
    ADD CONSTRAINT nurse_nurse_user_id_key UNIQUE (user_id);


--
-- Name: nurse_orbed nurse_orbed_pkey; Type: CONSTRAINT; Schema: public; Owner: postgres
--

ALTER TABLE ONLY public.nurse_orbed
    ADD CONSTRAINT nurse_orbed_pkey PRIMARY KEY (id);


--
-- Name: nurse_room nurse_room_pkey; Type: CONSTRAINT; Schema: public; Owner: postgres
--

ALTER TABLE ONLY public.nurse_room
    ADD CONSTRAINT nurse_room_pkey PRIMARY KEY (id);


--
-- Name: nurse_room nurse_room_room_number_key; Type: CONSTRAINT; Schema: public; Owner: postgres
--

ALTER TABLE ONLY public.nurse_room
    ADD CONSTRAINT nurse_room_room_number_key UNIQUE (room_number);


--
-- Name: patients_medicaldossier patients_medicaldossier_pkey; Type: CONSTRAINT; Schema: public; Owner: postgres
--

ALTER TABLE ONLY public.patients_medicaldossier
    ADD CONSTRAINT patients_medicaldossier_pkey PRIMARY KEY (id);


--
-- Name: patients_patient patients_patient_patient_code_key; Type: CONSTRAINT; Schema: public; Owner: postgres
--

ALTER TABLE ONLY public.patients_patient
    ADD CONSTRAINT patients_patient_patient_code_key UNIQUE (patient_code);


--
-- Name: patients_patient patients_patient_pkey; Type: CONSTRAINT; Schema: public; Owner: postgres
--

ALTER TABLE ONLY public.patients_patient
    ADD CONSTRAINT patients_patient_pkey PRIMARY KEY (id);


--
-- Name: patients_patient patients_patient_user_id_key; Type: CONSTRAINT; Schema: public; Owner: postgres
--

ALTER TABLE ONLY public.patients_patient
    ADD CONSTRAINT patients_patient_user_id_key UNIQUE (user_id);


--
-- Name: users_user users_user_email_243f6e77_uniq; Type: CONSTRAINT; Schema: public; Owner: postgres
--

ALTER TABLE ONLY public.users_user
    ADD CONSTRAINT users_user_email_243f6e77_uniq UNIQUE (email);


--
-- Name: users_user_groups users_user_groups_pkey; Type: CONSTRAINT; Schema: public; Owner: postgres
--

ALTER TABLE ONLY public.users_user_groups
    ADD CONSTRAINT users_user_groups_pkey PRIMARY KEY (id);


--
-- Name: users_user_groups users_user_groups_user_id_group_id_b88eab82_uniq; Type: CONSTRAINT; Schema: public; Owner: postgres
--

ALTER TABLE ONLY public.users_user_groups
    ADD CONSTRAINT users_user_groups_user_id_group_id_b88eab82_uniq UNIQUE (user_id, group_id);


--
-- Name: users_user users_user_pkey; Type: CONSTRAINT; Schema: public; Owner: postgres
--

ALTER TABLE ONLY public.users_user
    ADD CONSTRAINT users_user_pkey PRIMARY KEY (id);


--
-- Name: users_user_user_permissions users_user_user_permissions_pkey; Type: CONSTRAINT; Schema: public; Owner: postgres
--

ALTER TABLE ONLY public.users_user_user_permissions
    ADD CONSTRAINT users_user_user_permissions_pkey PRIMARY KEY (id);


--
-- Name: users_user_user_permissions users_user_user_permissions_user_id_permission_id_43338c45_uniq; Type: CONSTRAINT; Schema: public; Owner: postgres
--

ALTER TABLE ONLY public.users_user_user_permissions
    ADD CONSTRAINT users_user_user_permissions_user_id_permission_id_43338c45_uniq UNIQUE (user_id, permission_id);


--
-- Name: appointments_appointment_doctor_id_fb58c3a1; Type: INDEX; Schema: public; Owner: postgres
--

CREATE INDEX appointments_appointment_doctor_id_fb58c3a1 ON public.appointments_appointment USING btree (doctor_id);


--
-- Name: appointments_appointment_patient_id_631d13da; Type: INDEX; Schema: public; Owner: postgres
--

CREATE INDEX appointments_appointment_patient_id_631d13da ON public.appointments_appointment USING btree (patient_id);


--
-- Name: auth_group_name_a6ea08ec_like; Type: INDEX; Schema: public; Owner: postgres
--

CREATE INDEX auth_group_name_a6ea08ec_like ON public.auth_group USING btree (name varchar_pattern_ops);


--
-- Name: auth_group_permissions_group_id_b120cbf9; Type: INDEX; Schema: public; Owner: postgres
--

CREATE INDEX auth_group_permissions_group_id_b120cbf9 ON public.auth_group_permissions USING btree (group_id);


--
-- Name: auth_group_permissions_permission_id_84c5c92e; Type: INDEX; Schema: public; Owner: postgres
--

CREATE INDEX auth_group_permissions_permission_id_84c5c92e ON public.auth_group_permissions USING btree (permission_id);


--
-- Name: auth_permission_content_type_id_2f476e4b; Type: INDEX; Schema: public; Owner: postgres
--

CREATE INDEX auth_permission_content_type_id_2f476e4b ON public.auth_permission USING btree (content_type_id);


--
-- Name: chatbot_chatmessage_user_id_81e2c646; Type: INDEX; Schema: public; Owner: postgres
--

CREATE INDEX chatbot_chatmessage_user_id_81e2c646 ON public.chatbot_chatmessage USING btree (user_id);


--
-- Name: django_admin_log_content_type_id_c4bce8eb; Type: INDEX; Schema: public; Owner: postgres
--

CREATE INDEX django_admin_log_content_type_id_c4bce8eb ON public.django_admin_log USING btree (content_type_id);


--
-- Name: django_admin_log_user_id_c564eba6; Type: INDEX; Schema: public; Owner: postgres
--

CREATE INDEX django_admin_log_user_id_c564eba6 ON public.django_admin_log USING btree (user_id);


--
-- Name: django_session_expire_date_a5c62663; Type: INDEX; Schema: public; Owner: postgres
--

CREATE INDEX django_session_expire_date_a5c62663 ON public.django_session USING btree (expire_date);


--
-- Name: django_session_session_key_c0390e0f_like; Type: INDEX; Schema: public; Owner: postgres
--

CREATE INDEX django_session_session_key_c0390e0f_like ON public.django_session USING btree (session_key varchar_pattern_ops);


--
-- Name: notifications_notification_recipient_id_d055f3f0; Type: INDEX; Schema: public; Owner: postgres
--

CREATE INDEX notifications_notification_recipient_id_d055f3f0 ON public.notifications_notification USING btree (recipient_id);


--
-- Name: notifications_notification_sender_id_feea9ca3; Type: INDEX; Schema: public; Owner: postgres
--

CREATE INDEX notifications_notification_sender_id_feea9ca3 ON public.notifications_notification USING btree (sender_id);


--
-- Name: nurse_orbed_assigned_nurse_id_7482416f; Type: INDEX; Schema: public; Owner: postgres
--

CREATE INDEX nurse_orbed_assigned_nurse_id_7482416f ON public.nurse_orbed USING btree (assigned_nurse_id);


--
-- Name: nurse_orbed_patient_id_2d840608; Type: INDEX; Schema: public; Owner: postgres
--

CREATE INDEX nurse_orbed_patient_id_2d840608 ON public.nurse_orbed USING btree (patient_id);


--
-- Name: nurse_room_room_number_fd3c7840_like; Type: INDEX; Schema: public; Owner: postgres
--

CREATE INDEX nurse_room_room_number_fd3c7840_like ON public.nurse_room USING btree (room_number varchar_pattern_ops);


--
-- Name: nurse_room_updated_by_id_3897d509; Type: INDEX; Schema: public; Owner: postgres
--

CREATE INDEX nurse_room_updated_by_id_3897d509 ON public.nurse_room USING btree (updated_by_id);


--
-- Name: patients_medicaldossier_doctor_id_a3ff84eb; Type: INDEX; Schema: public; Owner: postgres
--

CREATE INDEX patients_medicaldossier_doctor_id_a3ff84eb ON public.patients_medicaldossier USING btree (doctor_id);


--
-- Name: patients_medicaldossier_patient_id_1782be46; Type: INDEX; Schema: public; Owner: postgres
--

CREATE INDEX patients_medicaldossier_patient_id_1782be46 ON public.patients_medicaldossier USING btree (patient_id);


--
-- Name: patients_patient_patient_code_9ce8008e_like; Type: INDEX; Schema: public; Owner: postgres
--

CREATE INDEX patients_patient_patient_code_9ce8008e_like ON public.patients_patient USING btree (patient_code varchar_pattern_ops);


--
-- Name: patients_patient_primary_doctor_id_6c6de397; Type: INDEX; Schema: public; Owner: postgres
--

CREATE INDEX patients_patient_primary_doctor_id_6c6de397 ON public.patients_patient USING btree (primary_doctor_id);


--
-- Name: users_user_email_243f6e77_like; Type: INDEX; Schema: public; Owner: postgres
--

CREATE INDEX users_user_email_243f6e77_like ON public.users_user USING btree (email varchar_pattern_ops);


--
-- Name: users_user_groups_group_id_9afc8d0e; Type: INDEX; Schema: public; Owner: postgres
--

CREATE INDEX users_user_groups_group_id_9afc8d0e ON public.users_user_groups USING btree (group_id);


--
-- Name: users_user_groups_user_id_5f6f5a90; Type: INDEX; Schema: public; Owner: postgres
--

CREATE INDEX users_user_groups_user_id_5f6f5a90 ON public.users_user_groups USING btree (user_id);


--
-- Name: users_user_user_permissions_permission_id_0b93982e; Type: INDEX; Schema: public; Owner: postgres
--

CREATE INDEX users_user_user_permissions_permission_id_0b93982e ON public.users_user_user_permissions USING btree (permission_id);


--
-- Name: users_user_user_permissions_user_id_20aca447; Type: INDEX; Schema: public; Owner: postgres
--

CREATE INDEX users_user_user_permissions_user_id_20aca447 ON public.users_user_user_permissions USING btree (user_id);


--
-- Name: appointments_appointment appointments_appoint_doctor_id_fb58c3a1_fk_doctors_d; Type: FK CONSTRAINT; Schema: public; Owner: postgres
--

ALTER TABLE ONLY public.appointments_appointment
    ADD CONSTRAINT appointments_appoint_doctor_id_fb58c3a1_fk_doctors_d FOREIGN KEY (doctor_id) REFERENCES public.doctors_doctor(id) DEFERRABLE INITIALLY DEFERRED;


--
-- Name: appointments_appointment appointments_appoint_patient_id_631d13da_fk_patients_; Type: FK CONSTRAINT; Schema: public; Owner: postgres
--

ALTER TABLE ONLY public.appointments_appointment
    ADD CONSTRAINT appointments_appoint_patient_id_631d13da_fk_patients_ FOREIGN KEY (patient_id) REFERENCES public.patients_patient(id) DEFERRABLE INITIALLY DEFERRED;


--
-- Name: auth_group_permissions auth_group_permissio_permission_id_84c5c92e_fk_auth_perm; Type: FK CONSTRAINT; Schema: public; Owner: postgres
--

ALTER TABLE ONLY public.auth_group_permissions
    ADD CONSTRAINT auth_group_permissio_permission_id_84c5c92e_fk_auth_perm FOREIGN KEY (permission_id) REFERENCES public.auth_permission(id) DEFERRABLE INITIALLY DEFERRED;


--
-- Name: auth_group_permissions auth_group_permissions_group_id_b120cbf9_fk_auth_group_id; Type: FK CONSTRAINT; Schema: public; Owner: postgres
--

ALTER TABLE ONLY public.auth_group_permissions
    ADD CONSTRAINT auth_group_permissions_group_id_b120cbf9_fk_auth_group_id FOREIGN KEY (group_id) REFERENCES public.auth_group(id) DEFERRABLE INITIALLY DEFERRED;


--
-- Name: auth_permission auth_permission_content_type_id_2f476e4b_fk_django_co; Type: FK CONSTRAINT; Schema: public; Owner: postgres
--

ALTER TABLE ONLY public.auth_permission
    ADD CONSTRAINT auth_permission_content_type_id_2f476e4b_fk_django_co FOREIGN KEY (content_type_id) REFERENCES public.django_content_type(id) DEFERRABLE INITIALLY DEFERRED;


--
-- Name: chatbot_chatmessage chatbot_chatmessage_user_id_81e2c646_fk_users_user_id; Type: FK CONSTRAINT; Schema: public; Owner: postgres
--

ALTER TABLE ONLY public.chatbot_chatmessage
    ADD CONSTRAINT chatbot_chatmessage_user_id_81e2c646_fk_users_user_id FOREIGN KEY (user_id) REFERENCES public.users_user(id) DEFERRABLE INITIALLY DEFERRED;


--
-- Name: django_admin_log django_admin_log_content_type_id_c4bce8eb_fk_django_co; Type: FK CONSTRAINT; Schema: public; Owner: postgres
--

ALTER TABLE ONLY public.django_admin_log
    ADD CONSTRAINT django_admin_log_content_type_id_c4bce8eb_fk_django_co FOREIGN KEY (content_type_id) REFERENCES public.django_content_type(id) DEFERRABLE INITIALLY DEFERRED;


--
-- Name: django_admin_log django_admin_log_user_id_c564eba6_fk_users_user_id; Type: FK CONSTRAINT; Schema: public; Owner: postgres
--

ALTER TABLE ONLY public.django_admin_log
    ADD CONSTRAINT django_admin_log_user_id_c564eba6_fk_users_user_id FOREIGN KEY (user_id) REFERENCES public.users_user(id) DEFERRABLE INITIALLY DEFERRED;


--
-- Name: doctors_doctor doctors_doctor_user_id_c371de6c_fk_users_user_id; Type: FK CONSTRAINT; Schema: public; Owner: postgres
--

ALTER TABLE ONLY public.doctors_doctor
    ADD CONSTRAINT doctors_doctor_user_id_c371de6c_fk_users_user_id FOREIGN KEY (user_id) REFERENCES public.users_user(id) DEFERRABLE INITIALLY DEFERRED;


--
-- Name: notifications_notification notifications_notifi_recipient_id_d055f3f0_fk_users_use; Type: FK CONSTRAINT; Schema: public; Owner: postgres
--

ALTER TABLE ONLY public.notifications_notification
    ADD CONSTRAINT notifications_notifi_recipient_id_d055f3f0_fk_users_use FOREIGN KEY (recipient_id) REFERENCES public.users_user(id) DEFERRABLE INITIALLY DEFERRED;


--
-- Name: notifications_notification notifications_notification_sender_id_feea9ca3_fk_users_user_id; Type: FK CONSTRAINT; Schema: public; Owner: postgres
--

ALTER TABLE ONLY public.notifications_notification
    ADD CONSTRAINT notifications_notification_sender_id_feea9ca3_fk_users_user_id FOREIGN KEY (sender_id) REFERENCES public.users_user(id) DEFERRABLE INITIALLY DEFERRED;


--
-- Name: nurse_nurse nurse_nurse_user_id_9cf0b158_fk_users_user_id; Type: FK CONSTRAINT; Schema: public; Owner: postgres
--

ALTER TABLE ONLY public.nurse_nurse
    ADD CONSTRAINT nurse_nurse_user_id_9cf0b158_fk_users_user_id FOREIGN KEY (user_id) REFERENCES public.users_user(id) DEFERRABLE INITIALLY DEFERRED;


--
-- Name: nurse_orbed nurse_orbed_assigned_nurse_id_7482416f_fk_nurse_nurse_id; Type: FK CONSTRAINT; Schema: public; Owner: postgres
--

ALTER TABLE ONLY public.nurse_orbed
    ADD CONSTRAINT nurse_orbed_assigned_nurse_id_7482416f_fk_nurse_nurse_id FOREIGN KEY (assigned_nurse_id) REFERENCES public.nurse_nurse(id) DEFERRABLE INITIALLY DEFERRED;


--
-- Name: nurse_orbed nurse_orbed_patient_id_2d840608_fk_patients_patient_id; Type: FK CONSTRAINT; Schema: public; Owner: postgres
--

ALTER TABLE ONLY public.nurse_orbed
    ADD CONSTRAINT nurse_orbed_patient_id_2d840608_fk_patients_patient_id FOREIGN KEY (patient_id) REFERENCES public.patients_patient(id) DEFERRABLE INITIALLY DEFERRED;


--
-- Name: nurse_room nurse_room_updated_by_id_3897d509_fk_users_user_id; Type: FK CONSTRAINT; Schema: public; Owner: postgres
--

ALTER TABLE ONLY public.nurse_room
    ADD CONSTRAINT nurse_room_updated_by_id_3897d509_fk_users_user_id FOREIGN KEY (updated_by_id) REFERENCES public.users_user(id) DEFERRABLE INITIALLY DEFERRED;


--
-- Name: patients_medicaldossier patients_medicaldoss_patient_id_1782be46_fk_patients_; Type: FK CONSTRAINT; Schema: public; Owner: postgres
--

ALTER TABLE ONLY public.patients_medicaldossier
    ADD CONSTRAINT patients_medicaldoss_patient_id_1782be46_fk_patients_ FOREIGN KEY (patient_id) REFERENCES public.patients_patient(id) DEFERRABLE INITIALLY DEFERRED;


--
-- Name: patients_medicaldossier patients_medicaldossier_doctor_id_a3ff84eb_fk_doctors_doctor_id; Type: FK CONSTRAINT; Schema: public; Owner: postgres
--

ALTER TABLE ONLY public.patients_medicaldossier
    ADD CONSTRAINT patients_medicaldossier_doctor_id_a3ff84eb_fk_doctors_doctor_id FOREIGN KEY (doctor_id) REFERENCES public.doctors_doctor(id) DEFERRABLE INITIALLY DEFERRED;


--
-- Name: patients_patient patients_patient_primary_doctor_id_6c6de397_fk_doctors_d; Type: FK CONSTRAINT; Schema: public; Owner: postgres
--

ALTER TABLE ONLY public.patients_patient
    ADD CONSTRAINT patients_patient_primary_doctor_id_6c6de397_fk_doctors_d FOREIGN KEY (primary_doctor_id) REFERENCES public.doctors_doctor(id) DEFERRABLE INITIALLY DEFERRED;


--
-- Name: patients_patient patients_patient_user_id_b53513b7_fk_users_user_id; Type: FK CONSTRAINT; Schema: public; Owner: postgres
--

ALTER TABLE ONLY public.patients_patient
    ADD CONSTRAINT patients_patient_user_id_b53513b7_fk_users_user_id FOREIGN KEY (user_id) REFERENCES public.users_user(id) DEFERRABLE INITIALLY DEFERRED;


--
-- Name: users_user_groups users_user_groups_group_id_9afc8d0e_fk_auth_group_id; Type: FK CONSTRAINT; Schema: public; Owner: postgres
--

ALTER TABLE ONLY public.users_user_groups
    ADD CONSTRAINT users_user_groups_group_id_9afc8d0e_fk_auth_group_id FOREIGN KEY (group_id) REFERENCES public.auth_group(id) DEFERRABLE INITIALLY DEFERRED;


--
-- Name: users_user_groups users_user_groups_user_id_5f6f5a90_fk_users_user_id; Type: FK CONSTRAINT; Schema: public; Owner: postgres
--

ALTER TABLE ONLY public.users_user_groups
    ADD CONSTRAINT users_user_groups_user_id_5f6f5a90_fk_users_user_id FOREIGN KEY (user_id) REFERENCES public.users_user(id) DEFERRABLE INITIALLY DEFERRED;


--
-- Name: users_user_user_permissions users_user_user_perm_permission_id_0b93982e_fk_auth_perm; Type: FK CONSTRAINT; Schema: public; Owner: postgres
--

ALTER TABLE ONLY public.users_user_user_permissions
    ADD CONSTRAINT users_user_user_perm_permission_id_0b93982e_fk_auth_perm FOREIGN KEY (permission_id) REFERENCES public.auth_permission(id) DEFERRABLE INITIALLY DEFERRED;


--
-- Name: users_user_user_permissions users_user_user_permissions_user_id_20aca447_fk_users_user_id; Type: FK CONSTRAINT; Schema: public; Owner: postgres
--

ALTER TABLE ONLY public.users_user_user_permissions
    ADD CONSTRAINT users_user_user_permissions_user_id_20aca447_fk_users_user_id FOREIGN KEY (user_id) REFERENCES public.users_user(id) DEFERRABLE INITIALLY DEFERRED;


--
-- PostgreSQL database dump complete
--

\unrestrict Lzs0i42V92kuF1qzt8yhaieV3Z0O6XzSEE5iOYj7I047POqvFJvgjJmAcafITjY

